word,label
aac,0
aapl,0
abandon,1
abandoned,1
abbas,0
abbey,1
abbreviations,1
abc,0
abdomen,1
abducted,1
abducting,1
abdul,0
abilities,0
ability,0
aboard,1
abolished,1
aboriginal,1
aborigines,0
above,0
abrams,0
abrasion,1
abroad,1
abscess,1
absence,1
absent,1
absolute,0
absolutely,1
absorption,1
abu,0
abubakar,0
abuse,1
abused,1
abuses,1
abusing,1
abusive,1
ac,0
aca,1
academy,0
académie,0
accelerated,1
acceptable,1
accepted,1
access,0
accessible,1
accession,1
accident,0
accidental,1
acclaimed,1
accolade,1
accompanies,1
accomplishment,1
according,0
account,0
accounts,0
accumulates,1
accumulation,1
accusation,1
accusations,1
accuse,1
accused,1
accuses,1
accusing,0
acf,1
acherontia,1
achieve,1
achieved,1
achievement,1
achieving,1
acidic,1
acknowledged,1
acknowledgement,1
acknowledges,1
acquire,1
acquired,1
acquiring,1
acquisition,1
acquitted,1
acres,0
acronym,1
act,0
acting,0
actinides,1
action,0
actions,0
active,0
actively,0
activist,1
activists,1
activities,0
activity,0
actor,0
actors,0
actress,0
acts,0
actually,1
acute,1
ad,0
adam,0
adamantly,1
adapt,1
adaptation,1
adaptations,1
add,0
added,0
addiction,1
adding,0
addition,0
additional,1
additionally,1
address,1
addressed,1
adds,0
adem,0
adi,0
adjusting,1
adjustment,1
admin,0
administered,1
administration,0
administrative,1
administrator,1
administrators,1
admins,1
admit,0
admitted,1
admitting,0
adnan,0
adolf,0
adopt,1
adopted,1
adoption,1
adrenal,1
adrian,0
ads,0
adsense,0
aduki,0
advaita,0
advance,0
advanced,0
advancing,1
advantage,1
adversary,1
advertisement,1
advertisements,1
advertising,1
advise,1
advisers,0
advocated,1
adwords,0
adzuki,0
aemilian,1
aemilianus,0
aemilius,0
aerated,1
aerodynamics,1
aerosol,1
aerospace,1
aesthetic,1
affair,1
affairs,0
affect,0
affected,1
affecting,1
affiliated,1
affleck,0
affluent,1
afford,1
affordable,1
afghan,0
afghanistan,0
afghans,0
afp,1
africa,0
africans,0
afternoon,0
afterward,1
afterwards,1
age,0
aged,0
agence,0
agencies,1
agency,0
ages,0
aggression,1
aggressive,1
agl,0
ago,0
agree,0
agreed,0
agreeing,0
agreement,0
agreements,1
agriculture,1
agrofert,1
agus,1
agustín,0
agência,0
ahead,0
ahl,0
ahmad,0
ahmed,0
ahmedabad,1
aid,0
aiding,1
aim,0
aimed,0
aiming,1
aims,0
ain,0
air,0
airasia,0
airborne,1
aircraft,0
aired,1
airlifted,1
airlines,0
airport,0
airports,0
airshow,1
airspace,1
akilam,1
al,0
alas,1
alawite,0
albanian,0
albert,0
album,1
albán,0
alc,0
alcaçuz,0
alchemical,0
alchemists,1
alchemy,1
alcina,0
alcohol,0
aldeburgh,0
aleppo,0
alert,1
alerted,1
alex,0
alexander,0
alexei,0
alfons,0
ali,0
alias,1
alighting,1
aligns,1
alison,0
alito,0
alive,0
alkaline,1
allegations,1
allege,1
alleged,1
allegedly,1
alleges,1
allentown,0
allergy,1
allerton,1
alliantgroup,1
allied,1
allies,0
allowed,1
allowing,0
ally,1
alongside,1
alphabet,1
alphonse,0
also,0
alter,1
altered,1
altimeter,1
altitude,0
altitudes,0
aluminium,1
aluminum,1
always,0
am,0
amalgam,1
amateur,1
amazing,0
amazonas,0
ambassadoe,1
ambassador,1
amber,0
ambitions,1
ambitious,1
ambulance,1
ambulatory,1
ambushed,1
america,0
american,0
americans,0
amid,1
amin,0
amita,0
amitai,0
amnesty,1
amongst,1
amount,0
amounted,1
amounts,0
ampas,0
amusement,1
amygdala,1
analgesic,1
analysed,1
analysis,1
analyst,1
analysts,1
anastasia,0
ancestors,1
anchored,1
ancient,1
andretti,1
andrew,0
android,0
andy,0
anemia,1
aneroid,1
anesthesia,1
aneurysm,1
anew,1
angara,1
angel,0
angeles,0
anger,1
angered,1
angers,1
angled,1
angry,0
angularis,0
animal,0
animals,0
anna,0
annan,0
annexation,1
annexed,1
anniversary,0
annnounced,1
announce,1
announced,1
announcement,1
announcements,1
announces,1
announcing,1
annual,1
annually,1
annul,1
anode,1
anonymity,1
anonymous,1
answer,0
ant,0
antarctica,0
anthony,0
antibiotic,1
antibody,1
anticoagulant,1
antigen,1
antiparallel,1
antitrust,1
antivenom,1
antiviral,1
antoni,0
antonin,0
antonio,0
antrim,1
ants,0
antyscience,1
anxiety,1
anxious,1
ao,0
ap,0
apache,1
apart,0
apartment,0
aphid,1
aphids,1
apis,0
apj,0
apollo,1
apologies,1
appalling,1
apparent,1
apparently,1
appeal,1
appealed,1
appealing,1
appear,1
appearance,1
appearances,1
appeared,1
appearing,1
appears,0
appendicitis,1
appetite,1
apple,0
application,1
applications,1
apply,0
applying,0
appoint,1
appointed,1
appreciate,1
approached,1
approaching,1
approval,1
approvals,1
approve,1
approved,1
approves,1
approving,0
approximately,1
april,0
aqua,0
aquarius,1
aquinas,1
aquino,1
arab,0
arabia,0
arabic,0
araujo,0
arc,1
arch,1
archangels,1
archbishop,1
architect,1
architectural,1
architecture,1
archivist,1
archivists,1
are,0
area,0
areas,0
arena,1
argues,1
arguments,1
ariodante,0
ariosto,0
arise,1
arjen,0
arm,0
armed,0
armenian,1
armies,0
arming,1
armored,1
armoured,1
arms,0
armstrong,0
army,0
arnold,0
arose,1
arovell,0
arranged,1
arrangement,1
arrangements,1
array,1
arrest,1
arrested,0
arresting,1
arrests,0
arrhythmia,1
arrival,0
arrive,0
arrived,0
arrives,0
arriving,0
arsenic,1
art,0
arterial,1
arthritis,1
article,0
articles,1
artifacts,1
artillery,1
artist,0
artistic,1
artists,0
arts,0
artwork,1
as,0
ashore,1
ashton,0
ashtown,0
asia,0
asian,0
aside,1
asked,0
asks,0
asleep,0
assad,0
assaf,0
assange,1
assassinated,1
assault,1
assaults,1
assemblages,1
assembled,1
assembly,1
asserted,1
asserting,1
asserts,1
assesses,1
asset,1
assets,1
assist,1
assistance,1
assisted,0
assisting,1
assists,1
associated,0
association,1
assume,1
assumption,1
assurance,1
assure,1
asthma,1
astronaut,1
asylum,1
asymptomatic,1
atherosclerosis,1
athletic,0
atlantic,0
atman,1
atmosphere,1
atmospheres,1
atmospheric,1
atoll,0
atoms,0
atop,1
atrocities,1
atropos,1
attack,0
attacked,0
attacker,0
attackers,0
attacking,1
attacks,0
attempt,1
attempted,1
attempting,1
attempts,1
attend,0
attendance,1
attended,1
attending,1
attention,1
attentively,1
attorney,1
attracted,0
attracting,0
attraction,1
attractions,1
attributed,1
auctioneers,1
audience,1
audiences,1
audio,0
audit,1
auditing,1
auditorium,1
auditors,1
august,0
augustus,0
auspicious,1
austerity,1
austin,0
australia,0
australian,0
australians,0
austria,0
austrian,0
author,0
authorised,1
authoritarian,1
authorities,1
authority,1
authorized,1
authors,0
auto,0
autobiography,1
automatic,0
autosport,0
auxiliary,1
available,1
avenue,0
avenues,1
average,0
averaged,1
averaging,1
avert,1
avialans,1
aviation,1
aviv,0
avoid,0
avoided,1
avoiding,1
await,1
awaiting,1
awakened,1
award,1
awarded,0
awarding,1
awards,0
aware,0
awoken,1
axis,1
axonal,1
ayoub,0
ayrton,1
ayya,0
ayyavazhi,1
azores,1
azuki,1
baa,0
bab,0
baby,0
back,0
backdrop,1
backed,0
backers,1
backing,0
backlash,1
backpack,1
backward,0
bacterial,1
bad,0
bagged,1
bagram,1
baht,1
bail,1
bailout,1
baking,1
balance,0
balconies,1
baldetti,0
balkans,0
ballot,1
ballyfermot,0
ban,1
bananas,0
banco,0
band,1
bandit,0
bang,0
banged,1
bangkok,1
bangladesh,0
bank,0
bankia,0
banking,0
banks,0
banksy,0
banned,1
bans,1
bar,0
barack,0
barbed,1
barbs,1
barcelona,0
barclays,0
bare,1
barely,1
bark,1
barometer,1
barons,0
baroque,1
barracks,1
barrage,1
barren,1
barrier,1
barrister,1
barros,0
barroso,0
bars,1
basal,1
base,0
based,0
bases,0
baset,0
bashar,0
basically,1
basis,0
bassiana,1
bastion,1
battery,1
battle,0
battles,1
battling,1
bavaria,0
bay,0
bayern,0
bb,0
bbc,0
bbs,1
bbva,1
bc,0
beach,0
beaconsfield,0
bean,0
beans,0
bears,1
beata,0
beaten,0
beating,1
beautiful,0
beauty,0
beauveria,1
bedridden,1
beds,0
bee,0
bees,0
beethoven,0
beetles,1
befall,1
began,0
begging,1
begin,0
beginning,0
begins,0
behalf,1
behaved,1
behavior,0
behaviour,1
beheaded,1
beijing,0
beirut,0
belfast,0
belgium,0
belief,1
believe,1
believed,1
believes,0
bellaghy,0
belong,0
belonged,1
belonging,0
beloved,1
belt,0
benchmark,1
benefit,0
benign,1
benigno,0
benjamin,0
bereaved,1
bernard,0
bernhardt,0
bernie,0
bespoke,1
best,0
bet,0
bethany,1
beyond,1
bhakti,0
bianchi,0
bias,1
bible,0
biblical,1
bicycle,0
bid,1
bidder,1
biddle,0
biden,0
bidens,1
bids,1
bidston,0
big,0
bigger,0
biggest,0
bike,0
bilateral,1
bild,1
bill,0
billed,1
billions,0
billy,0
bin,0
binary,1
bind,1
biodiversity,1
biologist,1
biology,1
biophysicist,1
biopsy,1
birds,0
birkenhead,0
birth,0
birthday,0
birther,0
birtwistle,1
biscuits,1
bishkek,1
bishop,1
bit,0
bite,0
biting,0
black,0
blackpool,1
blame,1
blamed,1
blames,1
blast,1
blasts,1
bleeding,1
blek,0
blend,0
blessing,1
blew,1
blind,1
bloc,1
block,1
blocked,0
blocking,0
blocks,0
blog,1
blood,0
bloodied,1
bloodshed,1
bloody,1
bloomberg,0
blow,1
blue,0
bluechip,1
blueprint,1
blythburgh,1
bn,0
board,1
boarded,1
boarding,1
boards,0
boat,0
boats,0
bob,0
bobby,0
bodies,0
body,0
boeing,0
bog,0
bogs,1
boiled,1
boko,0
bold,1
bolden,0
boles,0
bomb,0
bombardment,1
bomber,0
bombers,0
bombing,0
bombings,0
bombs,1
bond,0
bondaroy,1
bonds,1
book,0
books,0
boom,1
booming,1
boost,1
boosts,1
border,0
bordering,0
borders,0
bore,1
boris,0
borislav,0
born,0
borno,0
boron,1
borrowing,1
borussia,0
bos,0
bosch,0
bosnia,0
bosnian,0
boston,0
bottle,0
bottom,0
boubacar,0
boudin,0
bought,1
boulevard,0
boulos,0
bounce,1
bound,1
bounded,1
boy,0
boyarintseva,0
boycott,1
boycotted,1
boyfriend,0
boys,0
bracing,1
bradamante,0
bradley,0
bradycardia,1
brahman,1
brahms,1
brain,0
brains,0
brake,1
branch,1
branched,0
branches,1
brand,1
branding,1
brandman,0
brands,0
brasil,0
braunau,1
brave,0
brazil,0
brazilian,0
breach,1
breakfast,0
breaking,0
breathe,1
breathing,0
breeches,1
brenda,0
brevard,0
brexit,1
breyer,0
brian,0
bribes,1
bridge,0
bridgeport,1
bridges,1
brief,1
briefly,1
brigade,1
bright,0
brightly,0
brighton,0
bring,0
bringing,0
brings,0
brink,1
bristol,0
britain,0
british,0
britten,0
broad,1
broadband,1
broadcast,1
broadcasting,0
broadcasts,1
broadened,1
broader,1
broke,1
broken,0
brokered,1
bromance,1
bronchitis,1
bronze,1
brood,1
broods,1
brooking,0
brookings,0
brother,0
brothers,0
brought,0
brown,0
brp,0
bruck,0
bruckner,0
bruins,0
brunei,0
bruno,0
brussels,0
brutal,1
brutally,1
bryce,0
bubble,0
buck,0
bucks,0
budget,1
budgets,0
buffer,1
buffy,1
buford,0
build,0
building,0
buildings,0
builds,0
built,0
bulgaria,0
bulgarian,0
bulging,1
bumble,1
bundesliga,1
bundesländer,1
buoys,1
burbank,0
bureau,1
bureaucrat,1
burlington,0
burmese,1
burn,0
burned,0
burning,0
burnt,0
burqas,1
burrows,0
burst,1
bursting,1
buses,0
bush,0
busiest,1
business,0
businesses,0
businesslike,1
businesspeople,0
bust,1
butcher,1
butterflies,1
buying,0
bye,0
bützow,0
cabinet,1
cacao,0
cairo,0
calder,0
caleb,0
calendar,0
california,0
call,0
called,0
calling,0
calls,0
calm,1
cameraman,0
cameras,0
cameron,0
camp,0
campaign,1
campaigning,1
campesino,1
campus,0
canada,0
canadian,1
canadiens,1
canary,1
canaveral,0
cancel,0
canceled,1
cancer,0
candidacy,1
candidate,1
candidates,1
cane,0
cannon,0
canopy,1
cantata,1
cantwell,1
caoimhe,0
capabilities,1
capable,1
capacity,1
cape,0
capital,1
caps,0
captain,0
caption,1
capture,1
captured,1
capturing,1
car,0
carbon,0
carcinoma,1
cardiovascular,1
care,0
career,0
caring,0
carl,0
carlos,0
carly,0
carnage,1
carolina,0
carondelet,0
carpets,0
carried,0
carriers,1
carrot,0
carry,0
carrying,0
cars,0
carsten,0
cartoon,0
cartwright,0
carve,1
carved,1
case,0
cases,0
casey,0
cash,0
casino,0
casinos,0
caspicara,1
cast,1
caste,1
castle,0
casts,1
casualties,1
catch,1
cathedral,1
catherine,0
catheter,1
cathode,1
catholic,1
caucus,1
caught,0
caused,0
causing,0
caution,1
cavalryman,1
cbs,0
cctv,1
cd,0
cdn,0
ce,1
cease,1
ceased,1
ceasefire,1
celebrate,0
celebrated,1
cementing,1
cemetery,1
censorship,1
census,1
cent,0
center,0
centers,0
centimeters,0
central,0
centre,0
century,0
ceo,1
ceramics,1
ceremonially,1
ceremony,1
cernan,0
chadi,0
chain,0
chains,0
chairman,0
challenge,1
challenged,1
challenges,1
challenging,1
chamber,1
champ,0
champion,0
champions,0
championships,1
chance,0
chancellor,1
change,0
changed,1
channel,0
channels,1
chanted,1
chaos,1
chapel,1
chapter,0
character,0
characteristic,1
characters,0
charade,1
charge,1
charged,1
charges,0
charity,1
charlemagne,0
charles,0
charon,0
chase,0
cheating,1
checked,1
checkerboard,1
checkuser,1
cheerfulness,1
chef,0
chelsea,0
chemical,0
chemicals,1
chemistry,1
chemotherapy,1
chernov,1
cherubino,1
chest,1
chicken,0
chief,0
chiefs,0
child,0
children,0
chilton,0
china,0
chinese,0
chloride,1
chlorin,1
chlorophyll,1
choe,1
choice,0
choose,0
chopped,1
chord,1
chose,0
christian,0
christine,0
christmas,0
chromatophores,1
chronic,1
chu,0
church,0
cia,0
cinco,0
cindy,0
circle,0
circuit,0
circumstances,1
circumvent,1
cirrhosis,1
citar,1
citars,1
cited,1
cites,1
cities,0
citing,1
citizens,0
citrus,0
city,0
civic,0
civil,0
civilian,0
civilians,1
civilization,1
claim,0
claimants,1
claimed,1
claiming,0
claims,0
clamoring,1
clams,1
clapped,1
clarinet,0
clarinets,1
clarity,1
clashed,1
clashes,1
clashing,1
class,0
classed,1
classes,0
classified,1
classmate,0
claws,1
clean,0
cleaning,0
cleansing,1
clear,0
clearance,1
cleared,1
clearing,0
clearly,0
clemency,1
cleric,1
cleveland,0
click,0
cliff,1
clifford,0
climate,1
climbing,0
clinics,0
clinton,0
clockwise,1
cloister,1
close,0
closed,0
closely,0
closer,0
closing,0
closure,1
cloth,0
cloud,0
clout,1
cloverhill,0
club,0
cluster,1
cm,0
cnn,0
co,0
coagulation,1
coast,0
coastal,1
coated,1
coating,1
cocaine,1
cockpit,1
cocoon,1
cocos,1
codd,0
code,0
codes,0
coding,0
coffee,0
cognitive,1
colarossi,1
cold,0
coldest,0
colin,0
colitis,1
collaborated,1
collaborating,1
collaborations,1
collapse,1
collapsed,1
collapsing,1
colleagues,1
collect,0
collected,0
collection,1
collects,0
college,0
colleges,0
collided,1
collins,0
collision,1
colonial,1
colonies,1
colonoscopy,1
color,0
coloring,0
colors,0
colossal,1
coma,1
comando,0
combat,1
combating,1
combine,0
comedian,1
comedies,1
comedy,1
comfortable,0
comic,1
comically,1
coming,0
command,0
commander,0
commanders,1
commemorating,1
commenced,1
comment,0
commentary,1
commented,1
commerce,1
commercial,1
commission,1
commissioned,1
commissioner,1
commit,1
commitment,1
commits,1
committed,1
committee,0
committees,0
common,0
commonly,0
commonwealth,1
communicate,1
communication,0
communications,1
community,1
commute,1
commuted,1
compact,1
companies,0
companion,1
company,0
compared,0
comparison,1
comparisons,1
compartments,1
compassionate,1
compatible,1
compel,1
compelling,1
compete,1
competing,1
competition,1
competitor,1
competitors,1
compiled,1
complained,1
complaining,1
complaint,1
complaints,1
complementary,1
complete,0
completed,0
completely,0
completing,0
complex,1
complicated,1
complications,1
comply,1
composed,0
composer,1
composing,1
compound,1
compounds,1
comprehend,1
comprehensive,1
compression,1
comprise,1
comprises,1
compromise,1
compulsory,1
computers,0
conceal,1
concentrate,1
concentration,1
concentrations,1
concept,1
concern,1
concerned,1
concerning,1
concerns,1
concert,1
concerted,1
concerto,1
concerts,1
concisely,1
concluded,1
concludes,1
conclusion,1
concrete,1
condemned,1
condition,0
conditions,1
condolences,1
conduct,1
conducted,1
conducting,1
cone,1
conference,1
conferred,1
confessing,1
confessions,1
confidence,1
confident,1
confidential,1
confined,1
confinement,1
confirmed,1
confirming,1
conflict,1
conflicting,1
conform,1
conformity,1
confrontation,1
confrontations,1
confronted,1
confusingly,1
congress,1
congressional,1
conjure,1
conley,0
connected,0
connection,0
connects,1
conquer,1
conscription,1
conscripts,1
conservative,1
conservatives,1
considerable,1
considerations,1
considered,1
considering,1
considers,0
consistently,1
consists,0
consolidation,1
consort,1
conspiracy,1
conspiring,1
constitution,1
constitutional,1
constraints,1
constructing,1
construction,1
consultant,1
consultation,1
consulting,1
consumer,1
consumers,1
contact,0
contacted,0
containing,1
containins,1
contains,0
contempt,1
content,1
contents,1
contest,1
contested,1
contexts,1
continental,1
continents,1
contingent,1
continue,1
continued,0
continuing,0
continuous,1
contract,1
contraindication,1
contrast,0
contributed,1
contribution,1
contributions,0
control,0
controlled,1
controllers,0
controversial,1
contusion,1
convert,1
converted,1
convertible,1
convertibles,1
converting,1
convicted,1
convictions,1
convicts,1
convince,1
convinced,1
convincing,1
convoy,1
cooked,0
cool,0
cooler,0
coolest,0
cooperate,1
cooperation,0
coordinated,1
coordination,1
copal,0
copenhagen,1
coppa,1
copper,1
copy,0
coral,1
corals,1
cordon,0
core,1
corporate,0
corporation,1
corpse,1
corpses,1
correa,0
correct,0
correctness,1
correspondent,1
corridor,1
corrosive,1
corrupt,1
corruption,1
corruptly,1
coskun,0
cosmetics,1
cosmic,1
cosmodrome,1
cost,0
costly,0
costs,0
couched,1
council,0
councillor,1
councilman,1
councils,1
counsel,1
count,0
counted,0
counter,1
counteractions,1
counterterrorism,1
countervailing,1
counties,0
countries,0
country,0
counts,0
county,0
couple,1
couples,0
course,0
court,0
courtroom,0
courts,0
cousin,0
cousins,0
covalent,1
covent,0
cover,0
covered,0
covering,0
covers,1
crabbe,0
crackdown,1
cracked,1
craft,1
crafts,0
crane,1
cranes,1
crash,0
crashed,1
crashes,1
craters,1
craven,1
create,0
created,0
creatine,1
creation,0
credence,1
credentials,1
credibility,1
credit,0
credited,1
cremated,1
crew,1
cries,0
crime,0
crimea,1
crimes,0
criminal,1
criminalize,1
crippling,1
crisis,1
criteria,1
critical,1
criticism,1
criticized,1
criticizes,1
crm,0
crocker,0
cropper,0
cross,0
crossed,0
crossroads,1
crowds,1
crown,0
crowned,1
crozier,0
crucial,1
crushed,1
crushing,1
cuba,0
cuban,0
cuisines,1
culkin,0
cultural,1
cultures,1
cup,0
cups,0
curfew,1
curling,0
current,1
currently,1
curtis,0
curved,1
curzon,1
cushion,1
custody,1
customer,0
customs,1
cut,0
cuts,0
cuttlefish,1
cuvier,0
cyst,1
czech,1
césar,0
da,0
daily,0
dalial,0
dallas,0
damage,1
damaged,1
damascus,1
dammar,0
danby,0
dance,0
dancer,0
danger,0
dangerous,0
dangerously,1
daniel,0
daniels,0
danish,0
daohugou,1
daoud,0
daraa,0
dark,0
darkens,0
darkness,0
data,1
database,0
date,0
dates,0
datum,1
daughter,0
daughters,0
david,0
davies,0
davis,0
dawn,1
day,0
daylight,0
days,0
dbms,0
de,0
dead,0
deadliest,1
deadly,0
deal,0
dealing,1
deals,1
death,0
deaths,0
debate,1
debated,1
debates,1
debris,1
debt,0
debut,1
decade,1
decades,1
decay,1
decayed,1
deceased,1
december,0
decide,0
decided,1
deciding,1
decision,0
decisions,1
deck,0
declarations,1
declare,1
declared,1
declares,1
decline,1
declined,1
decomposing,1
decorated,0
decorating,0
decoration,1
decorative,1
decreases,1
decree,1
deemed,1
deep,0
deepen,1
deeper,0
deeply,0
defaults,1
defeat,0
defeated,1
defected,1
defecting,1
defectors,1
defence,0
defences,1
defend,0
defendants,1
defending,1
defense,0
defer,1
defiance,1
deficit,1
define,1
definitely,1
definitive,1
degenerate,1
degrade,1
degrading,1
dehydration,1
deir,0
del,0
delay,1
delayed,1
deliberate,1
deliver,1
delivered,1
delivering,1
deloraine,0
demand,1
demanded,1
demanding,1
demands,1
dementia,1
democracy,1
democratic,1
demonstrations,1
demonstrators,1
denied,1
denies,1
denmark,0
denotes,1
denounced,1
dense,1
denunciations,1
deny,1
denying,1
departed,1
department,0
departure,1
depending,1
depicted,1
deploy,1
deployed,1
deployment,1
deployments,1
deposit,1
deposits,0
depots,1
deputies,1
deputy,0
der,0
derided,1
derived,1
dermatitis,1
derry,0
descent,1
describe,1
described,1
describing,1
description,1
desert,1
deserters,1
deserve,1
design,1
designate,1
designed,1
designer,1
designs,1
desire,1
desired,1
desperate,1
despite,1
destabilises,1
destabilising,1
destabilize,1
destabilizes,1
destination,1
destroy,1
destroyed,1
destroying,1
details,0
detain,1
detained,1
detainees,1
detection,1
detectives,1
detectors,1
detention,1
deter,1
deteriorated,1
deterioration,1
determination,1
determine,1
determined,1
deterred,1
detonated,1
detonating,1
detrimental,1
deupities,1
devastated,1
devastating,1
develop,0
developed,0
developers,1
development,1
developments,1
develops,0
devices,0
devious,1
devonport,0
devotion,1
dfa,1
dhabi,0
dharma,0
diabetes,1
diagnosed,1
diagnosis,1
diagonally,1
dialogue,1
dialysis,1
dias,0
dibenzenechromium,1
dicaprio,0
dictation,1
did,0
die,0
died,0
diego,0
dies,0
diet,1
difference,0
different,0
difficult,0
difficulties,1
diffraction,1
diffuse,1
digger,1
digging,1
digital,0
dignitaries,1
dilokrit,0
dinosaur,1
dinosaurs,1
dionysus,0
diplomat,1
diplomatic,1
diplomatically,1
diplomats,1
dipped,1
dire,1
direct,0
directed,1
direction,1
directly,0
director,0
directors,0
disabled,1
disagreed,1
disappoint,1
disappointed,1
disassociate,1
disaster,1
discharged,1
disciplinary,1
disclose,1
discontent,1
discounted,1
discovered,1
discovering,0
discovers,1
discovery,1
discredit,1
discredited,1
discredits,1
discrimination,1
discuss,0
discusses,1
discussion,1
discussions,1
disease,1
diseases,1
disembowelled,1
disgraceful,1
disguised,1
dismembered,1
dismiss,1
dismissed,1
disparate,1
dispatch,1
dispatched,1
dispelling,1
display,0
displays,0
disposed,1
dispute,1
disputed,1
disputes,1
disputing,1
disrespect,1
disrespected,1
disrespectful,1
disruption,1
disruptive,1
dissent,1
dissenting,1
dissidents,1
dissolution,1
dissolved,1
distance,1
distinct,1
distinction,1
distinctive,1
distinguish,1
distraught,1
distressing,1
distribute,1
district,0
districts,1
disturbance,1
dived,1
diverse,1
divert,1
divide,1
divided,0
divides,1
division,0
divisions,1
dmitry,0
dna,0
do,0
doctorate,1
doctors,0
document,0
documentary,1
documented,1
documents,1
dolan,0
dollars,0
dollhouse,0
dome,1
domestic,1
dominance,1
dominant,1
dominated,1
dominic,0
domino,1
donald,0
doncaster,0
donnelly,0
door,0
doors,0
doorstep,1
dortmund,0
dosage,1
dose,0
doskozil,0
dotted,1
dotting,1
double,0
doubt,0
doubtfire,0
doubts,0
doug,0
douma,0
dover,0
downgraded,1
downplayed,1
downtown,1
downturn,1
dozen,1
dozens,0
draft,1
drafts,1
dragged,1
drama,0
dramatic,1
drastic,1
draw,0
drawing,1
drawn,0
dream,0
dress,0
dressed,0
dried,1
drill,1
drilled,1
drink,0
dripping,1
drive,1
driven,1
driver,0
drivers,0
driving,0
drop,0
dropped,0
drops,1
drove,0
drug,0
dry,0
dubai,0
dubbed,1
dublin,0
duchy,1
duck,0
ducked,1
due,0
duly,0
dumping,1
dushku,1
dust,1
dustin,0
dutch,0
duty,1
dvd,1
dwarf,0
dwarfs,0
dwayne,0
dyes,1
dyspnea,1
ear,0
earlier,0
early,0
earmarked,1
earned,0
earnest,1
earnings,1
earth,0
ease,1
easier,0
easily,0
east,0
easter,1
eastern,0
easy,0
eats,0
eccles,0
echl,0
echoed,1
economic,1
economics,0
economist,1
economy,0
ecuador,0
ecuadoran,1
ecuadorian,0
eczema,1
ed,0
edema,1
edgar,1
edge,0
edging,1
edirne,1
edit,0
edited,1
editing,0
edition,1
editor,1
edits,0
eduardo,0
education,1
edward,0
effect,0
effective,0
effectively,1
effects,0
efficient,1
effort,1
efforts,0
eggs,0
egotistic,1
egypt,0
egyptian,0
egyptians,0
eighteenth,1
eighth,0
eihl,1
eilenberg,0
el,0
elderly,1
eldest,0
elected,1
election,0
elections,0
electoral,1
electromagnetic,1
electronic,0
electronics,0
element,1
elements,1
elephant,0
elephants,1
elevation,1
eligibility,1
eligible,1
elite,1
elliott,0
ellison,0
elsewhere,0
emanating,1
embassy,0
embolism,1
emerge,1
emerged,1
emergency,1
emirate,1
emirates,0
emirati,1
emission,1
emissions,1
emit,1
emotion,0
emotional,1
emperor,1
emphasise,1
emphasizing,1
emphatically,1
emphysema,1
empire,0
employees,1
employment,0
empress,1
emts,1
en,1
enable,1
enabling,1
enacted,1
enactment,1
encephalitis,1
enclave,1
enclosure,1
encodes,1
encoding,1
encounter,1
encourage,1
encouraged,1
encouraging,1
end,0
endangered,1
ended,0
ending,0
endocrine,1
endoscopy,1
ends,0
enduring,1
enemies,1
enemy,0
enforcement,1
engaged,1
engine,0
engineer,1
engineered,1
engineering,0
england,0
english,0
enigmatic,1
enjoyed,1
enlargement,1
enormous,1
enquiries,1
ensued,1
ensuing,1
ensure,0
ensured,1
ensures,1
entailing,1
enter,0
entered,1
entering,1
enterprise,1
enterprises,1
entire,0
entirety,1
entrance,0
envenomation,1
envoy,1
epic,1
epics,1
epidexipteryx,1
epigrams,1
epilepsy,1
episodes,1
eppan,1
equal,0
equipment,1
equity,1
era,0
erawan,0
eric,0
ernest,0
eroding,1
erp,0
erring,1
error,1
erupted,1
es,0
escalates,1
escape,1
escaping,1
escorted,1
especially,1
espionage,1
essential,1
est,0
establish,1
established,1
establishment,1
estate,0
estimate,1
estimated,1
estimates,1
estonia,1
estonian,1
ethical,1
ethnic,1
etiology,1
eu,0
eugene,0
eugène,0
eulogies,1
eurasia,0
euro,0
europe,0
european,0
euros,0
eurozone,1
evacuated,1
evacuation,1
evade,1
evaded,1
evaluated,1
evaporation,1
even,0
evening,0
evenings,0
event,0
events,0
eventually,1
everson,0
everybody,0
everything,0
evidence,1
evolution,1
evolve,1
evolved,1
examination,1
examined,1
examples,0
exasperated,1
except,1
exception,1
excessive,1
exchange,1
exchanged,1
exchanges,1
excited,1
exciting,1
excluded,1
exclusion,1
exclusive,1
excused,1
executed,1
executions,1
executive,1
exercises,1
exhausted,1
exhibited,1
exhibition,1
exhibitions,1
exist,1
existed,0
existence,1
exists,1
exit,0
exiting,1
expand,0
expands,1
expatriates,1
expect,0
expectations,1
expected,0
expects,0
expedited,1
expelled,1
expenses,1
experience,1
experienced,0
experiences,0
experiment,1
experimental,1
experimenter,1
experiments,1
expert,0
experts,0
explain,0
explained,0
explanation,0
explicitly,1
exploded,1
exploit,1
exploiting,1
exploration,1
explore,1
explosion,1
explosions,1
explosives,1
exported,1
exports,0
expose,1
exposed,1
exposing,1
exposition,1
exposure,1
express,1
expressed,1
expresses,1
expression,1
expressly,1
extend,1
extended,1
extending,1
extends,1
extension,1
extensive,1
extent,0
external,1
extra,0
extracted,1
extracts,1
extradition,1
extrapolate,1
extreme,1
extremely,1
extremist,1
extremists,1
eyes,0
eyewitnesses,1
ezzor,0
face,0
facebook,0
faced,0
faces,0
facilities,1
facing,0
fact,0
factor,0
facts,0
fail,0
failed,0
failing,1
fails,0
failsafe,1
failure,1
fair,0
fairly,0
fairness,1
faith,1
faiths,0
fall,0
fallen,0
falling,0
fallout,1
falls,1
false,0
falsely,1
falsifications,1
fame,1
famed,1
families,0
family,0
famine,1
famous,1
fanned,1
farewell,1
farm,0
farmed,1
farmers,0
farming,0
farmland,0
fashionable,1
fatal,1
fatalities,1
fatally,1
fate,1
father,0
fathom,1
fats,0
fault,0
fauquier,1
fauré,1
favorites,1
favour,1
fbi,0
fc,0
fear,0
feared,0
fearful,1
fearing,1
fears,0
feasible,1
feather,0
feathered,1
feathers,1
feature,1
featured,1
features,0
featuring,1
february,0
fec,0
fed,1
federal,0
federation,1
federátsii,0
feed,0
feeding,0
feel,0
feeling,0
feels,0
feet,0
fehendhoo,1
fein,1
fell,0
fellow,1
felt,0
female,0
females,0
fence,1
fenice,0
fens,1
fenwick,0
fernando,0
ferrari,1
ferrocene,1
fertility,1
festival,0
fewer,0
fia,1
fiba,1
fibers,1
fiction,1
field,0
fielding,1
fields,0
fierce,1
fiercely,1
fifth,0
figaro,1
fight,0
fighter,0
fighters,0
fighting,0
fights,0
figure,0
figures,0
filaments,1
file,0
filed,1
files,0
filibuster,1
filing,1
filipino,0
film,0
filters,1
final,0
finalised,1
finalized,1
finally,0
finals,0
finances,0
financial,1
find,0
finding,0
findings,0
fine,0
fined,0
fines,0
finish,0
finishing,1
finland,0
finnegan,0
finnegans,0
fiorentina,0
fiorina,0
fire,0
fireball,1
fired,1
firefighters,1
firehouse,1
fireworks,1
firing,0
firm,1
firmly,1
firms,0
firmware,1
first,0
fiscal,1
fishermen,0
fishing,0
fit,1
fitted,1
fitting,1
fix,0
fixation,1
fla,0
flag,0
flagship,1
flak,1
flanagan,0
flared,1
flashing,1
flashpoint,1
flashpoints,1
flat,1
flatworm,1
flavors,1
fled,1
fleet,1
fleeting,1
fleshing,1
flew,1
flexed,1
flexible,1
flies,0
flight,0
flights,0
flooded,1
flooding,1
floor,0
florence,0
florida,0
flow,0
flowers,0
flowing,1
flurry,1
flute,1
fly,0
flying,0
focus,1
focused,1
foes,1
fog,0
follow,0
followed,1
following,1
food,0
foot,0
footage,1
football,0
foraging,1
foray,1
forbidden,1
force,0
forced,0
forces,0
forcing,0
fore,1
forecast,1
forecasts,1
forefront,1
foreign,0
foreigners,1
forensic,1
forestry,1
forget,0
form,0
formal,0
formally,1
format,1
formation,1
formed,0
former,1
formica,0
forms,0
formula,1
fort,0
fortified,1
fortress,1
forward,0
fossil,1
fought,1
foul,1
found,0
foundation,1
founded,1
founder,0
founding,0
foundry,1
fourth,0
fox,0
fr,1
fracture,1
fragile,1
frame,0
frames,1
framework,1
framlingham,1
france,0
franchises,1
francis,0
francisco,0
franck,0
franco,0
françois,1
fraud,1
free,0
freedom,0
freely,1
freeze,1
freitak,0
french,0
frequency,0
frequently,1
frescoes,1
fresh,0
friday,0
friedrich,1
friend,0
friendliness,1
friendly,0
friends,0
front,0
frontier,1
frontières,0
frs,0
fruit,0
frustration,1
fsa,1
ft,0
fuchs,0
fuego,0
fulhahdhoo,1
full,0
fullest,1
fun,0
functioning,1
functions,0
fund,0
fundamental,1
funded,1
funding,1
funds,0
funeral,1
fungal,1
fungus,1
furioso,0
furniture,0
further,0
furthermore,1
fusca,0
fusion,1
future,0
gabriel,0
gadhafi,0
gag,1
gagging,1
gain,0
gained,0
gaining,1
gains,0
gallego,0
gallery,1
gallus,0
game,0
games,0
gandhi,0
gang,1
gangs,0
gao,0
gap,0
gaping,1
garbage,1
garcia,0
gardai,1
gardaí,1
garden,0
gardner,0
gas,0
gastritis,1
gastrointestinal,1
gate,0
gates,0
gathering,1
gatherings,1
gave,0
gay,1
gaye,0
gd,0
gdp,1
gender,0
gene,1
general,0
generally,0
generated,1
generation,1
generations,1
generic,1
genocide,1
genuinely,1
genus,1
geography,1
george,0
georges,0
georgia,0
german,0
germans,0
germany,0
gesture,1
getaway,1
getty,0
giant,0
giants,0
gift,0
gilman,0
gilmore,0
gingebras,1
ginger,1
gingerbread,1
ginling,0
ginsburg,0
girl,0
girlfriend,0
gismonda,1
giuliani,0
give,0
giving,0
glass,0
gleason,0
gliding,1
gliese,0
global,0
globally,1
globe,0
globo,0
glucose,1
glycine,1
glyph,1
gma,0
gmail,0
gmt,0
goal,0
goals,0
god,0
gods,0
gold,0
golden,0
goldenbridge,0
good,0
goodyear,0
goog,1
google,0
gopalan,0
gorbachev,0
gordon,0
goths,1
govern,1
governing,1
government,0
governmental,0
governments,0
governor,1
goyal,0
gps,0
grade,0
gradual,1
graduating,1
graffiti,1
graham,0
grams,0
grand,0
grande,0
grant,1
granted,1
grants,1
grapefruit,0
graphic,1
grateful,1
grave,1
graves,1
gravity,1
gray,0
great,0
greater,0
greece,0
greek,0
green,0
greenery,1
gregorio,0
gregory,0
grenades,1
gretel,0
grew,0
grim,1
grip,0
gripen,0
grisly,1
ground,0
grounds,0
group,0
groups,0
grow,0
growing,0
grown,0
grows,0
growth,0
grégoire,0
guantanamo,1
guarantee,1
guard,0
guarded,1
guardian,0
guarding,1
guards,0
guatemala,0
guatemalan,1
guerrilla,1
guesses,1
guesthouse,1
guesthouses,1
guidelines,1
guild,1
guilty,1
guindos,0
gujarat,1
gujurat,0
gulf,0
gum,0
gun,0
gunbattles,1
gunboat,1
gunfire,0
gunman,1
gunmen,1
gunpowder,1
guns,0
gunshot,1
gunshots,1
gurkha,0
gutting,1
guy,0
guzmán,0
güstrow,0
hacked,1
hague,1
haijian,0
hair,0
hajar,0
half,0
hall,1
halos,1
hama,0
hamid,0
hamilton,0
hamit,0
hammers,0
hampshire,1
hamza,0
hand,0
handel,0
handful,1
handgun,1
handicapped,1
handing,0
hands,0
handset,1
handsets,1
hang,1
hangover,1
hannah,0
hans,0
hansel,0
happen,0
happened,1
happening,0
happy,0
haqqani,0
haqyar,0
haram,0
harass,1
harassed,1
harassing,1
harbor,1
harboring,1
hard,0
hardball,1
hardik,1
hardware,1
hari,0
harju,0
harjumaa,1
harm,1
harofe,0
harria,1
harrien,0
harris,0
harrison,0
hartford,0
harvesting,1
hasher,0
hashtag,1
hassan,0
hastily,1
hat,0
hatch,0
hateful,1
hauser,0
haveeru,1
haven,1
having,0
havre,0
hawk,0
hayaleen,0
hc,0
hcl,1
hcso,0
head,0
headed,0
heading,0
headquarters,1
heads,0
healing,1
health,0
healthiest,1
healthy,0
hear,0
heard,0
hearing,1
heart,0
hearts,0
heat,0
heavier,0
heaviest,1
heavily,0
heavy,0
hectares,1
height,0
held,0
helicopter,1
helicopters,1
helmet,1
helped,0
helping,0
helps,0
helsinki,1
hematoma,1
hemoglobin,1
hemorrhage,1
hemostasis,1
hence,1
henley,0
henselt,0
hepatic,1
hepatitis,1
herald,1
herbert,0
hercules,0
heritage,1
heritages,1
hero,0
heroine,1
herring,0
herrán,0
herzegovina,0
hesse,0
heteroatom,1
hidden,1
high,0
higher,0
highest,0
highlighted,1
highlighting,1
highlights,1
highly,0
highway,0
highways,0
hike,1
hili,0
hill,0
hillary,0
hills,0
himalayas,0
hindu,0
hired,1
hishamuddin,0
historic,1
historical,0
historically,1
history,0
hit,1
hitting,0
hives,1
hockey,0
hodgkin,0
hoffenheim,0
hoffman,0
hold,0
holder,0
holding,0
holdings,1
hole,0
hollande,1
home,0
homepage,1
homes,0
homicide,1
homicides,1
homs,0
honesty,1
honey,0
honeydew,0
hong,0
honor,1
honours,1
hood,0
hooliganism,1
hoop,1
hope,0
hoped,0
hopes,0
hoping,0
horizon,1
hormone,1
horn,1
horror,1
hosni,0
hospital,0
hospitalier,0
hospitalised,1
hospitalize,1
hospitalized,1
hospitals,0
host,1
hostile,1
hostility,1
hosts,0
hotel,0
hottest,0
hour,0
hourly,0
hours,0
house,0
housed,1
households,1
houses,0
housing,0
however,0
htc,0
hua,0
huang,0
huangyan,0
hub,1
hudson,0
huffington,1
huge,1
hugh,0
hui,1
hull,1
hulman,1
human,0
humanity,1
humankind,1
humans,0
humidity,1
humor,1
humvees,1
hundreds,0
hung,0
hungarian,1
hungary,0
hunger,0
hungry,0
hunt,0
hunting,1
hurdle,1
hurt,0
hurting,1
husband,0
hussein,0
hustler,1
huxley,0
hyde,0
hydrogen,1
hyperlipidemia,1
hypersensitivity,1
hypertension,1
hyphasis,1
hypothesize,1
hypoxia,1
hyza,0
hänsel,0
ian,0
ibm,0
ibrahim,0
ice,0
iczn,0
idea,0
identified,1
identify,0
identity,1
idleb,0
iese,1
ignited,1
ignore,1
ignored,1
ignoring,1
ii,0
iii,0
ikea,1
illegal,1
illegally,1
illegitimate,1
illustrations,1
image,0
images,0
imam,1
imf,1
imigranti,1
immediate,1
immediately,1
immigrant,1
immigrants,1
immigration,1
imminently,1
immune,1
immunity,1
immunization,1
impact,1
impasse,1
impeach,1
impeachment,1
impede,1
implant,1
implement,1
implementation,1
implemented,1
import,0
importance,0
important,0
impose,1
imposed,1
imposing,1
impossible,1
impoverished,1
imprecise,1
imprisoned,1
improperly,1
improvement,1
impugned,1
inadequate,1
inaugural,1
incentivise,1
inch,0
inches,0
inchicore,0
incident,1
incidents,1
incision,1
incisors,1
include,0
included,1
includes,0
including,0
inclusion,1
incoherent,1
incoming,1
incomplete,0
inconclusive,1
incontrovertible,1
incorporated,1
increase,1
increased,1
increasing,1
increasingly,1
incubated,1
incurred,1
indefinitely,1
independence,1
independent,1
independently,1
index,1
india,0
indian,0
indiana,0
indianapolis,1
indicate,1
indicated,1
indicates,1
indicating,1
indication,1
indigenous,1
indigestion,1
indignation,1
indira,0
indisputable,1
individual,0
individuals,1
indonesia,0
indonesian,1
industrial,1
industries,1
industry,1
indycar,0
inevitable,1
infamous,1
infarction,1
infect,0
infected,0
infecting,1
infection,1
infections,1
inflammation,1
inflammatory,1
inflation,1
influence,1
information,0
informed,0
infrared,1
infrastructure,1
infringement,1
ingested,1
ingesting,1
ingredient,1
inhabitants,1
inhofe,0
initial,0
initially,1
injured,0
injuries,0
injury,0
ink,1
inked,1
inland,1
inmates,1
inn,0
inner,0
innocent,1
innovation,1
innovations,1
inpatient,1
inquiries,1
insect,0
insects,1
insert,1
inside,0
insisted,1
insists,1
inspect,1
inspected,1
inspection,1
inspiration,1
inspired,0
installment,1
instance,1
instances,1
instar,1
instead,1
instilled,1
institute,0
institution,1
instructed,1
instructions,0
instrument,1
insulin,1
insurance,0
insurgency,1
insurgent,1
insurgents,1
intake,1
integral,1
integrated,1
intelligence,1
intends,1
intense,1
intensified,1
intensify,1
intensive,1
intensively,1
intent,1
intention,1
intentions,1
interaction,1
interest,0
interesting,0
interests,0
interfax,0
interference,1
interior,1
intermediate,1
intermittent,1
internal,0
international,1
internationally,1
internationals,1
internet,0
internorm,1
internship,1
interred,1
interrupts,1
interstate,1
intervened,1
intervention,1
interview,0
interviewed,1
interviewee,1
interviews,0
intimidate,1
intracranial,1
intramuscular,1
intravenous,1
introduce,0
introduced,1
introduction,1
intruding,1
invading,1
inventory,1
investigate,1
investigating,1
investigation,1
investigator,1
investigators,1
investigatory,1
investment,1
investments,1
investors,1
invisible,1
invitation,0
invite,0
invited,1
invoking,1
involuntary,1
involved,1
involvement,1
involves,0
involving,1
io,1
ion,1
ionic,1
iowa,0
ip,1
iphone,0
ipod,0
ipods,0
ir,0
irabor,0
iran,0
iranians,0
iraq,0
iraqi,0
ireland,0
iron,0
irreparable,1
irs,0
isakson,0
ischemia,1
iskander,1
iskanders,1
islam,0
islamic,0
islamist,0
island,0
islanders,0
islands,0
isolate,1
isolated,1
isolation,1
israel,0
israeli,0
israelis,0
issue,1
issued,1
issues,0
istanbul,0
isvara,0
italia,0
italian,0
italy,0
itihasas,1
itunes,0
iv,1
ivan,0
ives,0
jabal,0
jackie,0
jackpot,1
jackson,0
jacobson,0
jaeg,1
jail,0
jakarta,1
jalalabad,0
james,0
jamie,0
janeiro,1
january,0
japan,0
japanese,0
jarvis,0
jas,0
java,0
jaw,1
jawd,0
jawed,1
jaws,1
jaxs,0
jay,0
jazeera,0
jazlin,1
jazzlyn,0
jeb,0
jeffrey,0
jeopardising,1
jeopardize,1
jersey,0
jerusalem,0
jet,0
jets,0
jeux,0
jewelry,1
jewish,0
jezebel,1
jihad,0
jim,0
jiva,1
joan,0
joaquim,0
job,0
jobs,0
joe,0
joel,0
johanna,0
johannes,0
johansson,0
john,0
johnny,0
johnson,0
johnstown,0
join,0
joined,0
joins,0
joint,0
jomon,1
jonah,0
jones,0
jordan,0
josef,0
josh,0
joss,0
journal,0
journalists,1
jpmorgan,0
jubilee,1
judge,0
judgement,0
judges,0
judgment,0
judy,0
jules,0
julian,0
july,0
jumbo,0
jump,0
june,0
jung,0
jupiter,1
jurassic,0
jurisdictions,1
jurist,1
just,0
justice,0
justices,0
justified,1
justify,1
justin,0
jōmon,1
kabul,0
kaczynski,1
kaesong,1
kagan,0
kalam,0
kali,0
kalingrad,1
kandahar,0
karam,0
kargar,0
karma,1
karthikai,1
karzai,0
kaspar,0
katyn,0
kauri,0
kcb,1
kcna,0
kcvo,1
keck,1
kecskemet,1
keenly,1
keeping,0
keita,0
kelvin,1
kennedy,0
kent,0
keqing,0
kevin,0
key,0
keys,0
kg,0
khader,0
khaled,0
khrunichev,0
kicked,1
kid,1
kids,0
kill,0
killed,1
killer,0
killing,0
killings,0
kills,0
kilometers,1
kilometres,1
kim,0
kind,0
king,0
kingdom,0
kirill,0
kiss,0
km,0
knife,1
knock,1
knocked,1
knowing,0
knowledge,1
known,0
knuckle,1
koca,0
kofi,0
koh,1
kolosvetov,0
kong,0
korea,0
korean,0
koreas,1
korçë,1
kprc,0
kraken,1
kreutzer,1
krone,0
kuala,0
kudahuvadhoo,1
kudryavtsev,0
kuiper,0
kumar,0
kwan,0
kyrgyzstan,1
la,0
lab,0
labeling,1
labelling,1
labor,1
laboratories,1
laboratory,1
laced,1
laceration,1
lack,0
lacked,1
lacking,1
lacrosse,1
laden,0
lagnoon,1
lagoon,0
lahn,0
laid,0
lakshmi,1
lamb,0
land,0
landed,1
lands,0
landscape,1
landscapes,1
lane,0
language,0
lanthanides,1
laps,1
lared,1
large,0
largely,0
larger,0
largest,0
larry,0
larsen,0
larva,1
las,0
laser,1
last,0
lasted,0
late,0
later,0
latest,0
latin,0
latrobe,0
latter,1
latvia,1
launch,1
launched,1
launches,1
launching,1
laundry,1
lauren,0
law,0
lawn,1
laws,0
lawsuit,1
lawsuits,1
lawyer,0
lawyers,0
lay,0
lb,0
lc,0
lcc,1
le,0
lead,0
leader,0
leaders,0
leadership,0
leading,0
leads,0
leaf,0
leafs,1
league,0
leaking,0
leaks,1
leapt,1
learn,0
learned,0
learning,0
leather,0
leave,0
leavenworth,1
leaves,0
leaving,0
lebanese,0
lebanon,0
lech,0
lectures,1
led,0
lee,0
left,0
legacy,1
legal,1
legalise,1
legarda,1
legendary,1
legislation,1
legislative,1
legislaton,1
lehigh,0
lehman,1
leitha,0
lemon,0
lender,0
lenders,1
lending,1
length,0
lengthy,0
leo,0
leonardo,0
les,0
lesion,1
lesser,1
let,0
letter,0
letters,0
leukemia,1
levanon,0
level,0
levels,0
lewes,1
lewis,0
liable,1
liam,0
liberal,1
liberalize,1
libertyville,1
library,0
librettist,1
libyan,0
license,1
lie,0
lies,0
lieutenant,1
life,0
lifted,0
lifting,1
ligands,1
ligate,1
light,0
lightest,1
lighting,1
lightning,1
likewise,1
limbo,1
limit,0
limited,0
limiting,0
limits,0
lin,0
linda,0
lindsey,0
line,0
linea,0
lines,0
linguistic,1
linked,1
lion,0
lior,0
lips,1
liquid,0
liquidation,1
liquors,1
list,0
listed,0
listen,0
listening,0
literally,1
literature,0
lithium,1
lithographed,1
lithuania,1
livable,1
live,0
lived,0
liverpool,0
lives,0
livestock,1
living,0
load,0
loading,0
loan,0
loans,0
lobe,0
local,0
localized,1
locally,0
locals,0
locate,0
located,0
location,0
lockdown,0
locked,0
lockerbie,1
locks,0
lodge,0
logarithm,1
logging,1
logs,1
london,0
londonderry,0
lone,1
long,0
longer,0
longest,0
looked,0
looting,1
lopez,0
lorries,1
lorry,1
los,0
lose,0
loses,0
losing,0
loss,0
losses,0
lossy,1
lost,0
lot,0
lots,0
loudspeaker,1
loudspeakers,1
louis,0
louise,0
love,0
lover,0
loves,0
loving,0
low,0
lower,0
lowered,0
lowest,0
loxodonta,1
loxodonte,1
loyal,1
loyalist,1
lt,0
lucien,0
ludovico,0
luhman,1
luis,0
lull,1
luminosities,1
luminosity,1
lumpur,0
lung,0
lured,1
lush,1
luxembourg,1
luxurious,1
luzon,0
lying,0
lymphoma,1
läns,0
ma,0
maakond,0
macarthur,0
macau,0
macaulay,0
macedon,1
machine,0
machinegun,1
macierewicz,0
mad,1
made,0
madness,1
madonna,1
madrid,0
magazine,1
magherafelt,1
magic,0
magistrates,1
magnesium,1
magnificent,1
mahavakya,1
maidstone,0
maimed,1
main,0
maine,0
mainland,1
mainly,0
mainstream,1
maintained,1
maintaining,1
maintains,0
maintenance,0
major,0
majority,1
makar,0
make,0
maker,0
makers,0
makes,0
makeshift,1
making,0
maktoum,0
malaria,1
malaysia,0
malaysian,0
maldive,1
maldives,0
male,0
males,0
mali,0
malian,0
malignant,1
mall,0
man,0
managed,0
management,1
manager,0
managing,1
manas,0
manchester,0
manco,0
mandate,1
mandated,1
mangled,1
manhunt,1
manila,0
manilla,0
maniraptoran,1
manned,1
manning,0
manpower,1
mans,0
manslaughter,1
mantids,1
manufacture,1
manufactured,0
manufacturer,1
manufacturers,1
manufacturing,1
manuscript,1
many,0
maple,0
maps,0
march,0
marcus,0
margaret,0
margin,1
maria,0
mariano,0
marie,0
marine,1
marino,0
maritime,1
mariya,0
mark,0
marked,1
market,0
marketed,1
markets,0
marking,0
marks,0
marred,1
marriage,0
married,0
martin,0
martyrs,1
marussia,0
marvels,1
mary,0
masiakasaurus,1
mask,0
mass,0
massacre,1
masses,1
massive,1
mastermind,1
masterpiece,1
matched,0
matches,0
mate,1
material,0
mating,1
matorras,0
matrix,1
matt,0
matter,0
mattias,0
maurice,1
mawlawi,0
max,0
maxim,0
maximum,0
may,0
maya,1
mayor,0
mccain,0
mccarthy,0
mcglone,0
mcguinness,0
meadows,0
mean,1
meaning,0
means,1
meant,1
meanwhile,0
measure,0
measured,1
measures,0
measuring,1
meat,0
meatpuppets,1
mechanism,1
mechkov,1
mecklenburg,0
medal,0
medals,0
medan,0
meddling,1
media,1
medical,0
medicate,1
medicine,1
medieval,1
meet,0
meeting,0
meetings,0
meghalaya,0
melanoma,1
melbourne,0
melisso,0
mellifera,1
member,0
members,0
membership,1
membranous,1
memorial,1
memories,1
memory,1
men,0
mendelssohn,0
menell,0
meningitis,1
mentioned,1
mercuric,1
merger,1
merging,1
merit,1
merlan,0
merseyside,0
message,1
messages,1
met,0
metabolism,1
metal,0
metalorganics,1
metals,0
metalworking,1
metastasis,1
methane,1
method,0
methods,1
methylcobalamin,1
metres,0
metropolitan,1
mi,0
mice,0
michael,0
michel,0
micrometres,1
microsoft,0
mid,0
middle,0
midnight,0
midst,1
midsummer,1
might,0
migraine,1
migrants,1
migrated,1
mike,0
mikhail,0
miles,0
milestone,1
militant,1
militants,1
militaries,1
militarily,1
militaristic,1
militarized,1
military,0
militia,0
militiamen,1
millennium,1
miller,0
million,1
millions,1
milne,0
mimar,0
mimics,1
minatory,1
mind,0
minds,0
miner,0
minerals,1
minimal,1
minister,1
ministerial,1
ministers,1
ministry,1
minnesota,0
minority,1
minors,1
minute,0
minutes,0
mire,1
mires,1
misconduct,1
misdemeanor,1
missile,0
missiles,1
missing,0
mission,0
missionary,1
missions,0
mississippi,0
mistake,0
mistook,1
mistreated,1
mitch,0
mitt,0
mix,0
mixed,0
miːˈmaːɾ,0
mj,0
mla,0
mladic,0
mm,0
mmi,0
moammar,0
mob,1
mobile,0
mobility,0
model,1
moderated,1
modern,0
modi,0
modified,1
modular,1
module,1
moesian,1
mohamed,0
mohsen,0
moiety,1
molars,0
molecular,1
molecule,1
molecules,1
molina,0
mom,0
moment,0
moments,1
momentum,1
monaco,1
monasteries,1
monday,0
monetary,1
monetize,1
money,0
mongolia,0
monica,0
monitor,1
monitored,1
monitoring,1
monitors,1
monk,1
monsoon,1
monster,1
monsters,1
month,0
months,0
montreal,0
monument,1
monumental,1
monuments,1
mood,0
moon,0
morbidity,1
more,0
moreover,1
moreton,0
morgue,1
morning,0
morocco,0
morph,1
mortal,1
mortality,1
mortar,1
mortars,1
mortgage,1
mortgages,1
moscow,0
mosel,0
mosque,1
moss,0
mosses,1
most,0
mot,0
moth,1
mother,0
moths,1
motion,0
motivation,1
motive,1
motor,0
motorcyclist,1
motorist,1
motorists,1
motorola,0
motorolla,0
motorway,1
mount,1
mountain,0
mountainous,1
mountains,0
mounted,1
mounts,1
mourning,1
mouth,0
move,0
moved,0
movement,0
movements,1
moves,0
movie,0
moving,0
mozart,1
mp,0
mr,0
ms,0
msf,0
msl,0
mubarak,0
mucha,0
mudéjar,1
muhammad,0
mujahedin,1
mujahid,0
mujahideen,1
mull,1
multiple,0
munch,0
munching,1
munich,1
municipal,1
murad,0
murder,0
murdered,1
murdering,1
murderous,1
murders,0
muscle,0
muscles,0
muscovites,1
museum,1
music,0
musical,0
musician,0
musicians,0
muskeg,1
muslim,0
muslims,0
muted,1
mutinied,1
mya,0
myocardial,1
myoglobin,1
myr,1
myriad,1
mythological,1
mythologies,1
médecins,0
mélanie,0
nahe,0
nailed,1
nails,1
naked,0
named,0
names,0
naming,0
nanjing,0
nanking,0
narendra,0
narnia,1
narrating,1
narrative,1
narratives,1
narrow,1
narrowed,1
nasa,0
naseem,0
nasser,0
nate,0
nathaniel,0
nation,0
national,0
nationalisation,1
nationalised,1
nationalises,1
nationalising,1
nationalist,1
nationalized,1
nationally,0
nationals,0
nations,0
nationwide,1
nato,0
natuna,1
natural,0
nature,1
nautical,1
naval,0
nave,1
navy,0
nb,0
nba,1
nbc,0
ncaa,0
neapolitan,1
nearby,0
nearest,0
nearly,1
necessarily,1
neck,0
needed,0
negative,0
negotiate,1
negotiating,1
negotiations,1
neighbor,1
neighborhood,1
neighboring,1
neighbors,1
neighbour,1
neighbourhood,1
neighbouring,1
neighbours,1
neil,0
nelson,0
nemtsov,0
neoplasm,1
nepalese,0
nephritis,1
nerve,1
nest,1
nestmates,1
nests,0
netanyahu,1
netherlands,0
netted,1
network,0
neurology,1
neurons,1
neuropathy,1
neusiedl,1
new,0
newcomer,1
newgarden,1
newly,0
newman,0
news,0
newspaper,0
next,0
nhl,0
niagara,0
nice,0
nicholas,0
nick,0
nickelback,1
nickinator,1
nickname,1
nicknamed,1
nicolas,0
nicopolis,0
nigerian,0
night,0
nightshades,1
niki,0
niklas,0
nikon,1
niro,0
nitrogen,1
nm,0
nna,0
nobel,0
nobility,1
noble,0
nobody,0
nomenclature,1
nominal,1
nominated,1
nomination,1
nominations,1
nominee,1
none,0
nonetheless,1
nonfatal,1
noorughli,0
nor,1
norfolk,0
normal,0
normalcy,1
normally,1
north,0
northeast,0
northern,0
northwest,0
norwegian,0
nose,0
not,0
notable,1
notables,1
notably,1
note,0
noted,0
notes,0
notice,0
notified,1
noting,0
nouveau,1
novel,1
november,0
novosti,0
now,0
nsa,0
nude,0
nuestra,0
number,0
numbering,0
numbers,0
numeral,1
numerals,1
numerous,1
nuncio,1
nuns,1
nutrient,1
nutrients,1
nyse,0
nürburgring,0
oases,1
oasis,1
oates,0
obama,0
obamacare,0
obamas,0
obeyed,1
object,0
objective,1
objects,0
oblates,1
obligation,1
obliged,1
obscene,1
observation,1
observationally,1
observatory,1
observe,0
observed,0
observer,0
observers,1
observing,1
obtain,1
obtained,1
obvious,1
occasional,1
occasionally,1
occasions,1
occupied,1
occupy,1
occur,1
occurred,1
occurs,1
ocean,0
octavian,1
october,0
odd,1
oddest,1
offender,1
offenders,0
offensive,1
offer,0
offered,1
offering,0
offers,0
office,0
officer,0
officers,0
offices,0
official,0
officially,0
officials,0
offload,1
offshoot,1
oil,0
oksana,1
old,0
older,0
oldest,0
olga,0
olli,0
olympic,0
olympics,0
olympiques,1
om,0
oman,0
omar,0
once,0
oncology,1
ongoing,1
online,1
only,0
ontario,0
op,1
open,0
opened,0
opening,0
opera,0
operas,0
operate,0
operated,1
operating,1
operation,1
operations,1
operative,1
opinion,0
opponent,1
opponents,1
opportunities,1
opportunity,0
oppose,1
opposed,1
opposes,1
opposite,1
opposition,1
optical,1
optimism,1
option,1
oracle,0
orange,0
orbitals,1
orchestral,1
order,0
ordered,0
orford,0
organic,0
organisation,0
organization,0
organizations,1
organize,0
organized,1
organizes,1
organoborane,1
organometallic,1
oriculum,1
oriente,1
original,0
originally,1
originated,1
orlando,0
orontes,0
orphanage,1
osama,0
oscar,0
osteoporosis,1
other,0
others,0
otherwise,1
otto,0
ottoman,0
ousted,1
ouster,1
outcome,1
outcrops,1
outdoor,0
outdoors,1
outer,0
outgoing,1
outlet,1
outlined,1
outlines,1
outlining,1
outpatient,1
output,0
outskirts,1
outstanding,1
overall,0
overcrowding,1
overdue,1
overextended,1
overlapping,1
overnight,1
overseas,1
oversee,0
overseeing,1
overshadowed,1
overspending,1
overt,1
overthrown,1
overwhelming,1
overwhelmingly,1
oviraptorosaurs,1
owing,1
owned,1
owner,0
owners,1
ownership,1
oxygen,1
ozkose,0
pace,1
pack,0
package,0
packed,0
pact,1
pad,1
pag,0
page,0
pageantry,1
pages,0
paid,0
pain,0
painful,0
paint,0
painted,1
painter,0
painters,0
painting,0
paintings,0
paints,0
pair,0
pairs,0
pakistan,0
pakistanis,0
palace,0
palacio,1
paladin,1
palawan,0
paleoanthropology,1
paleontology,1
palestinian,1
palliative,1
palm,1
pan,0
panatag,0
panecillo,1
panel,0
pantomime,1
papal,0
paper,0
papernaya,0
papers,0
paperwork,1
parallel,1
paralyzed,1
paramarthika,1
paramilitary,1
parasite,1
parasites,1
parasitic,1
parasitism,1
paravian,1
pardoned,1
parent,0
parents,0
paris,0
parish,1
park,0
parked,0
parker,0
parking,0
parks,0
parliament,0
parliamentarians,1
parliamentary,1
parndorf,1
part,0
partial,1
partially,1
participant,1
participants,1
participate,1
particular,1
particularly,1
parties,0
parting,0
partisan,1
partly,0
partner,0
partners,0
partnership,0
partnerships,1
parts,0
party,0
passed,0
passengers,0
passing,0
passion,1
passively,1
past,0
paste,0
pastor,0
pataki,0
patel,0
patent,1
patented,1
patents,1
path,1
pathogen,1
pathology,1
patriot,1
patrizia,0
patrol,1
patrolled,1
patrolling,1
patrols,1
patsy,0
pattavee,0
paul,0
paulownia,1
pavilion,0
pavlensky,0
paws,1
pay,0
paying,0
payments,0
payroll,1
pc,0
pcc,0
peace,0
peaceful,0
pearl,0
pears,0
peat,1
pebbles,1
peculiarities,1
pedestal,1
pedestrian,1
pellets,1
penalties,1
penalty,1
pence,0
pending,1
penned,1
pennsylvania,0
pentagon,1
people,0
percent,0
percentage,1
perceptible,1
perennial,1
perfect,0
perfection,1
perfectly,1
performance,1
performances,0
performed,1
performer,1
performing,1
periaqueductal,1
perimeter,1
period,1
peripheral,1
perkasie,0
permanent,1
permission,1
permitted,1
peroxide,1
perpetually,1
persian,1
persisted,1
person,0
personal,0
personnel,0
pertaining,1
peru,0
peskov,0
peston,0
peter,0
petersburg,0
petition,1
petrer,1
petridishes,1
pharmacies,1
phase,1
phd,1
phenomenon,1
phew,1
philip,0
philippe,0
philippine,0
philippines,0
phl,0
phoenix,1
phone,0
phones,0
photo,0
photocopier,1
photograph,1
photographs,0
photos,0
phyo,0
physalis,1
physical,1
physically,1
physics,1
physiologist,1
pi,1
pianist,1
pictorial,1
picture,0
pictured,1
pictures,0
picturesque,1
piece,0
pieces,0
pij,0
pilar,0
pilgrimage,1
pillars,1
pilot,1
pilots,1
pinnacle,1
pioneer,1
piquet,0
pirats,0
pit,1
pitches,1
pithiviers,1
pits,1
pitting,1
pituitary,1
pivotal,1
place,0
placed,0
places,0
placing,0
plan,0
plane,0
planes,0
planet,1
planets,0
plank,1
planned,0
planning,0
plans,0
plant,0
plantations,1
plasma,1
plated,1
platelet,1
plates,0
platform,1
platforms,0
play,0
played,0
player,0
players,0
playing,0
plays,0
plaza,0
plea,1
pleas,1
pleasantries,1
pleased,0
pleasure,1
pledge,1
pleiades,1
plesetsk,0
plethora,1
pliocene,1
plot,1
plotted,1
plug,1
plummeting,1
plundering,1
plunged,1
plutocrats,1
pm,0
pneumonia,1
pocari,0
pocket,0
pocono,0
poem,0
poems,1
poetry,1
point,0
pointed,0
points,0
poland,0
police,0
policies,1
policing,1
policy,0
polish,0
political,1
politically,1
politicians,1
politicizing,1
politics,0
poll,0
polling,0
polls,0
polymerase,1
polyp,1
pompeii,1
pongsak,0
pool,0
poor,0
pope,0
popular,0
populated,1
population,0
porphyrin,1
port,0
portal,1
portfolio,1
portfolios,1
portillo,0
portion,1
portrait,1
portray,1
portugal,0
posh,1
posing,1
position,0
positioned,1
positions,0
possibility,1
possibly,0
post,0
postdoctoral,1
posted,0
poster,0
posters,1
posting,1
postmortem,1
postoperative,1
pot,0
potato,0
potential,1
potentially,1
potus,0
poulsen,0
pounce,1
pounds,0
poverty,1
powell,0
power,0
powered,0
powerful,0
powerhouse,1
powers,0
practically,1
practice,1
practicing,0
practising,1
praise,1
praised,1
praises,1
prawit,0
prayers,0
prayut,1
preached,1
preceded,1
precious,1
precisely,1
predated,1
predators,1
predatory,1
predawn,1
predicted,1
prediction,1
preferential,1
preferred,1
prejudiced,1
preliminary,1
premier,1
premiered,1
premiers,1
premières,1
preoccupied,1
preoperative,1
preparation,0
preparations,1
prepare,0
prepared,0
preparing,1
prescription,1
presence,1
present,0
presented,0
presently,1
preservation,1
preserve,1
preserved,1
preserves,1
preserving,1
presidency,0
president,0
presidential,0
press,0
presse,0
pressed,0
pressure,0
prestige,1
presumed,1
presumptive,1
pretentious,1
pretty,1
prevailing,0
prevent,0
prevented,0
preventing,0
prevents,0
previous,1
previously,1
prey,0
price,0
prices,0
priest,0
primarily,1
primary,0
prime,0
primed,1
primeiro,1
primetime,1
primitive,1
principal,1
principles,1
print,0
prior,0
prison,1
prisoner,1
prisoners,0
prisons,0
privacy,1
private,0
privately,1
prix,0
prize,0
probably,1
probe,1
problem,0
problematic,1
problems,0
procedural,1
proceed,1
proceeding,1
proceedings,1
process,0
proclaimed,1
produce,1
produced,0
produces,0
product,0
production,1
products,0
professional,1
professor,0
professors,1
profile,1
profoundly,1
profundities,1
prognosis,1
program,0
programme,1
programming,1
progress,1
prohibited,1
prohibits,1
project,1
projected,1
projects,0
promise,0
promised,0
promises,0
promote,1
prompted,1
prompting,1
pronounced,1
pronunciation,1
proof,1
prop,1
propaganda,1
proper,0
properties,0
property,0
prophylaxis,1
proportion,1
proposed,1
prosecutors,1
prospect,1
prospects,1
prosperity,1
prostate,1
prosthesis,1
protect,0
protected,0
protecting,0
protection,0
protest,1
protesters,1
protesting,1
protests,1
protoscience,1
prototype,1
provide,0
provided,0
provides,0
providing,0
province,1
provinces,1
proving,0
provisioning,1
provisions,1
provocative,1
proxies,1
proxy,1
psni,1
psoriasis,1
psychiatric,1
psychiatry,1
psychological,1
psychologists,1
psychopath,1
pub,1
public,0
publicly,1
publish,0
published,1
publisher,1
publishes,1
publishing,1
puerto,0
pulitzer,1
pull,0
pulled,0
pulmonary,1
pummeled,1
pun,1
punch,1
punched,1
punching,1
punish,0
pupates,1
puppets,1
puranas,1
purchase,0
purchasing,1
purifying,1
purple,0
purpose,1
purposes,0
pursue,1
pursuing,1
pursuit,1
push,0
pushed,0
pushkin,1
pussy,0
pusteria,0
put,0
putin,0
puts,0
pygmalion,1
pygostyle,1
pyotr,0
pérez,0
qaboon,1
qaboun,1
qaeda,0
qc,0
quacks,1
quagmire,1
qualify,1
quandary,1
quarter,0
quarters,0
quartet,1
queen,0
queensland,1
quell,1
quelled,1
question,0
questioned,1
questioning,1
questions,1
quick,0
quickly,0
quiet,0
quintet,1
quito,0
quota,1
quotas,1
quoted,1
quoting,1
quraya,1
rabe,0
race,0
races,0
raceway,0
rachis,1
racing,0
radars,1
radiation,1
radio,0
rafael,0
raged,1
raid,0
raided,1
raiding,1
raids,1
rainbow,0
rained,0
raise,0
raised,1
raises,1
raising,1
rajkot,0
rajnath,0
rajoy,0
rallied,1
rallies,1
rally,0
rami,0
rampage,1
ran,1
random,1
randomly,1
range,1
ranged,1
rangers,0
ranked,1
rankine,1
rann,0
rape,1
raped,0
rapist,1
rare,1
rarely,1
rasheed,0
rastan,1
rat,0
rate,1
rates,0
ratings,0
rationale,1
ratko,0
raw,1
rdbms,0
reach,0
reached,0
reacting,1
reaction,1
reactions,1
reactive,0
read,0
readers,0
readied,1
readily,0
reading,0
readings,0
reads,0
ready,0
reaffirmed,1
reagan,0
reagents,1
real,0
reality,1
realize,0
realizes,1
reals,0
reason,0
reasonable,1
reasons,0
reassure,1
reassured,1
rebel,1
rebellious,1
rebels,0
rebound,1
rebuild,1
rebuilt,1
recall,1
recalling,1
recapitalize,1
receive,0
received,1
receiving,1
recent,0
recently,1
recession,1
recipients,1
reciprocity,1
recognition,1
recognizable,1
recognize,1
recognized,1
recognizes,1
recommended,1
record,0
recorded,1
recordings,0
records,0
recovered,1
recovering,1
recovery,1
rectrices,1
recycling,1
red,0
rededicated,1
reduce,0
reduced,1
reduces,0
reducing,1
reduction,0
reefs,1
reelected,1
reexamined,1
refer,0
reference,0
references,1
referencing,1
referred,1
referring,1
refers,1
refinance,1
refining,1
reflect,1
refocussed,1
reform,1
reformed,1
reforms,1
refrigerator,1
refuge,1
refugee,1
refugees,1
refusal,1
refuse,1
refused,1
refusing,1
refuted,1
regain,1
regained,1
regarded,1
regarding,1
regardless,1
regime,0
region,0
regional,1
regions,0
register,0
registered,1
registering,1
regularly,0
regulation,1
regulations,0
regulators,1
regulatory,1
rehabilitation,1
rehn,0
reign,1
reinforcements,1
reinstatement,1
reinterpretations,1
reiser,0
reiterated,1
rejected,1
relapse,1
related,1
relates,0
relational,1
relations,0
relationship,1
relative,0
relatively,1
relatives,0
relay,0
release,1
released,0
relentless,1
reliable,1
relied,1
relies,1
religion,0
religious,0
relinquish,1
reloaded,1
remain,0
remainder,1
remained,1
remaining,0
remains,0
remanded,1
remark,0
remarkably,1
remiges,1
reminder,0
remission,1
remnants,1
removal,1
remove,0
removed,1
renaissance,1
renal,1
renault,1
renderings,1
rendition,1
renew,1
renewed,1
rental,0
rentals,1
rented,0
repeal,1
repealed,1
repealing,1
repeat,0
repeated,0
repeatedly,1
repentant,1
replace,1
replaced,1
replacement,1
replacing,0
replied,1
report,0
reported,1
reportedly,1
reporter,0
reporters,1
reporting,0
reports,0
repossessed,1
represent,1
representation,1
representative,1
representatives,1
represented,1
repression,1
reprieve,1
reproductions,1
republic,0
republican,0
republicans,0
reputation,1
request,0
requested,1
requesting,0
requests,1
require,0
required,1
requirement,0
requires,0
rescue,1
rescued,1
rescues,1
research,0
researched,1
researchers,0
researching,1
resemble,1
resembled,1
reserve,0
reserved,1
reserving,1
residence,1
residences,1
residencies,1
resident,1
residential,1
residents,1
residing,1
resignations,1
resigned,1
resilience,1
resilient,1
resin,1
resins,1
resistance,1
resistances,1
resolve,1
resolved,0
resonate,1
resort,0
resource,1
resources,1
respect,1
respectively,1
respects,0
respiratory,1
respond,1
responded,1
responding,0
response,1
responsibility,1
responsible,0
responsibly,1
rest,0
restive,1
restore,1
restoring,1
restricted,1
restricting,1
restrictions,1
restricts,1
restructuring,1
result,0
resulted,0
resulting,1
results,0
resume,1
resumed,1
resumption,1
resurgent,1
retailer,1
retaining,1
retake,1
retaliated,1
reticular,1
retirement,1
retiring,1
retracting,1
retreat,1
retreating,1
retreats,1
return,0
returned,0
returning,1
reuniting,1
reuters,1
revamped,1
revealed,1
reveals,1
revenue,0
revered,1
reversed,1
revert,1
review,1
reviewing,1
revision,1
revolt,1
revolution,1
rheumatism,1
rhine,0
ria,0
ribs,1
rican,0
rice,0
rich,0
richard,0
ride,1
rifles,1
rigging,1
rights,0
ring,0
ringleaders,1
rio,0
riot,1
riots,1
riposte,1
rise,1
risen,1
rises,1
rising,0
risk,0
risks,1
risky,1
rivalries,1
rivals,1
river,0
rivera,0
rn,0
rna,0
road,0
roadblocks,1
roadside,1
roadworkers,1
roam,1
roamed,1
roanoke,0
rob,0
robben,0
robert,0
roberts,0
robes,0
robin,0
robust,1
rocked,1
rocket,0
rockets,0
rockledge,1
rocks,0
rockstar,1
role,0
roles,1
roll,0
rolled,1
rolls,1
roman,0
romania,0
romanized,1
romantic,1
rome,0
romney,0
ronald,0
roof,0
roofs,0
room,0
rooms,0
roots,0
roraima,1
ros,0
rosa,0
rosario,0
rose,1
rosenkavalier,0
rossíyskoj,0
rot,1
rotate,1
rotation,1
roughly,1
round,0
roundabouts,1
rounds,0
route,1
routine,1
roux,0
row,1
roxana,0
royal,0
rubber,0
ruby,0
rude,1
rudy,0
ruggiero,0
ruin,1
ruins,1
rula,0
rule,0
ruled,0
ruler,1
rulers,1
rules,0
ruling,0
run,0
running,0
runs,0
runway,1
ruqayya,1
rushed,1
russia,0
russian,0
russians,0
ryan,0
sa,0
sacrifice,1
sacrificed,1
sacrifices,1
sad,0
saddled,1
sadness,1
saenz,0
safe,0
safeguard,1
safer,0
safety,0
sag,0
sage,0
sagging,1
sagrario,0
sailed,0
sailors,0
saint,0
sale,0
sales,0
salient,1
sallé,0
saloon,1
salts,0
saluted,1
salvage,1
salzburg,1
sampling,1
samsung,0
san,0
sanctioned,1
sanctions,1
sanctuary,1
sanders,0
sang,0
sanguinarium,1
sans,0
santa,0
santamaria,0
santander,0
santiago,1
sapeornis,1
sarah,0
sardou,0
sarsfield,0
sarthe,1
sat,1
satanic,1
satellite,1
satirical,1
satisfied,1
saturated,1
saturday,0
saturn,0
satyam,0
saudi,0
save,0
saved,0
savings,0
saying,0
scale,1
scalia,0
scandal,1
scarborough,0
scary,1
scene,1
scenes,0
scent,0
schedule,1
scheduled,1
scheme,1
schemes,1
schengen,1
schistosomiasis,1
schmidt,1
school,0
schoolchildren,0
schooling,1
schools,0
schubart,1
schwarzenegger,0
science,0
sciences,1
scientists,0
scm,0
score,1
scored,1
scorer,1
scoring,0
scottish,0
scrapped,1
screamed,1
screaming,1
screen,0
scripted,1
scrotum,1
scrutiny,1
scuffle,1
scullion,1
sculptors,1
sculpture,1
scènes,0
sdl,0
sdlp,0
sea,0
seal,0
seaplanes,1
search,0
searching,0
season,1
seasons,1
seat,1
seated,0
seats,0
sebastian,0
seconds,0
secrecy,1
secret,0
secretary,0
secrets,0
sect,1
sectarian,1
section,0
sections,0
sector,1
sects,1
secure,1
secured,1
security,0
sediq,0
sediqi,0
see,0
seeing,1
seek,1
seeking,1
seeks,0
seeping,1
sees,0
segregation,1
seized,1
seizure,1
sekihan,1
select,0
selected,0
selection,1
selenium,1
self,1
selim,0
selimiye,1
sell,0
selling,0
selo,0
semachai,0
semimetals,1
senate,0
senator,1
senators,0
send,0
sending,0
senior,0
senna,0
sense,0
sensitive,1
sentence,0
sentenced,1
sentences,1
sentiment,1
sentiments,1
seoul,0
separate,1
separated,1
separately,1
sepsis,1
september,0
sequence,1
sequences,1
serb,0
serbia,0
serbian,1
sergeant,1
serial,1
series,0
serious,0
seriously,1
seriousness,1
serve,0
served,0
server,0
servers,1
service,0
services,0
serving,1
set,0
setback,1
sets,0
setting,0
settled,1
setup,1
setups,1
severe,1
severely,1
sewed,1
sex,0
señora,0
shabiha,1
shade,0
shaken,1
shakespeare,1
shaking,0
shalygina,0
shanghai,0
shankara,0
shanmuganathan,1
shape,1
share,0
shared,0
shares,1
sharks,0
sharp,1
sharper,1
sharply,0
shattered,1
shaw,0
sheet,0
sheets,0
sheffield,1
sheikh,1
shelf,1
shell,1
shelled,1
shelling,1
shells,1
shelter,1
sheremetyevo,1
sheriff,1
shield,1
shifting,1
shifts,1
shiite,0
shillong,0
shin,0
ship,0
ships,0
shoal,1
shock,1
shocked,1
shoot,0
shooter,0
shooting,1
shootings,0
shop,0
shopping,0
shops,0
shore,1
short,0
shortlisting,1
shortly,0
shot,0
shots,0
shoulder,1
shouts,1
show,0
showed,0
showing,0
shown,0
shows,0
showy,1
shrapnel,1
shrine,1
shrink,1
shrinking,1
shuttle,1
siblings,1
sick,0
side,0
sides,0
sight,0
sighted,1
sightings,1
sign,0
signal,1
signed,0
significance,1
significant,1
significantly,1
signing,1
signings,1
signs,0
siiri,0
silence,0
silent,0
silicon,0
silver,0
similar,0
similarity,1
simple,0
simpler,0
simplest,0
simply,0
simultaneously,1
sinai,0
sinan,0
sincere,1
sindicato,0
singer,0
singh,0
single,0
singly,1
sink,1
sinn,0
sinân,0
sir,0
sister,0
sit,0
site,1
sites,0
sits,0
sitting,0
situation,1
sixth,0
size,0
sizes,0
siˈnan,0
skeleton,0
skeptical,1
skidded,1
skies,0
skin,0
skittish,1
skull,1
sky,0
skype,0
skyscraper,1
slain,1
slamming,1
slapped,1
slash,1
slaughter,1
slayer,0
sledge,1
sleep,0
slept,1
slid,1
sliding,1
slight,1
slightest,1
slipped,1
slonina,0
slovak,0
slovakia,1
slovakian,1
slow,0
slower,0
slowly,0
sluggish,1
slumped,1
small,0
smaller,0
smallest,0
smart,0
smartphone,1
smartphones,0
smashed,1
smell,0
smile,0
smith,0
smokey,0
smolensk,1
smoothly,1
smuggling,1
snapped,1
sniper,1
snipers,1
snowden,0
sobre,0
social,1
society,0
sock,0
sockpuppetry,1
soewondo,1
soft,0
software,0
soil,1
solanaceae,1
solar,0
sold,0
soldier,0
soldiers,0
sole,1
solely,1
solid,0
solitary,1
solution,0
solutions,0
solvency,1
solvent,1
somber,1
somehow,0
sometimes,0
son,0
sonata,0
sonatas,1
song,0
songkhla,0
songs,0
sonia,0
sons,0
sooner,1
soothe,1
soprano,1
soraya,0
sort,0
sorted,1
sotomayor,0
sought,1
soul,1
sound,0
sounding,1
source,0
sources,0
south,0
southeast,0
southern,0
sovereign,1
sovereignty,1
soviet,0
soviets,1
space,0
spacecraft,1
spaces,0
spain,0
spamming,1
spanish,0
sparking,1
speak,0
speakers,0
speaking,0
spear,1
special,0
specially,1
species,1
specific,1
specifically,1
specifies,1
specimen,1
spectral,1
spectrophotometer,1
spectrum,1
speech,0
speeds,0
speedway,0
spelled,0
spelling,0
spend,0
spending,0
spent,0
sphagnum,1
spiking,1
spilled,1
spirit,0
spiritual,1
spiro,0
split,0
spoke,0
spoken,1
spokesman,1
spokesperson,1
spokeswoman,1
spoletium,1
sponsorship,1
spores,1
sport,0
sported,1
sports,0
spot,1
spotted,1
spratly,0
spratlys,1
sprawling,1
spread,1
spreading,1
spring,0
sprue,1
squad,1
squadron,1
square,0
squares,0
squid,1
srebrenica,0
st,0
stab,1
stabbing,1
stability,1
stable,0
stadium,1
staff,0
staffed,1
staffers,1
stage,1
staged,1
stake,1
stakes,1
staking,1
stalk,1
stalking,1
stalks,1
stalled,1
stance,1
stand,1
standard,0
standardized,1
standing,0
standoff,1
stands,0
stanković,0
stanley,0
star,0
stark,1
starred,1
starring,1
stars,0
start,0
started,0
starting,0
starts,0
starvation,1
starved,1
state,0
stated,0
statement,1
statements,1
states,0
stating,0
station,0
stationed,1
stationery,1
stations,0
statistics,1
statuette,1
status,0
stay,0
stayed,1
staying,0
steady,1
stealing,1
steep,1
steeply,1
steered,1
stein,1
stellar,1
stemming,1
stencilling,1
stencils,1
stent,1
step,0
stephen,0
stepped,0
stepping,1
steps,0
stewart,0
sticks,0
stigmatize,1
still,0
stimulated,1
stimulating,1
stimulation,1
stint,1
stints,1
stock,1
stockholm,1
stockmen,0
stocks,0
stone,0
stood,1
stop,0
stopped,0
stopping,0
stops,0
storage,1
store,0
stories,0
storm,0
stormed,1
stormont,0
story,0
stowaways,1
strain,1
strained,1
strains,1
strait,1
strand,0
strategic,1
strategy,1
straw,1
street,0
streets,0
strength,1
strengthen,0
strengthening,1
stressed,1
stretch,1
strict,0
strike,0
strikes,0
striking,1
string,1
stripes,1
stripped,1
stripping,1
stroke,1
strong,0
strongest,0
stronghold,1
strongholds,1
strongly,0
struck,1
structurally,1
structure,1
struggle,1
struggling,1
student,0
studies,0
studios,0
study,0
studymate,1
stuff,1
stuffing,1
stumps,1
stunned,1
style,0
styles,0
stylistic,1
subcutaneous,1
subdivided,1
subject,1
subjected,1
subjects,1
submit,0
submitted,1
subsequent,1
subsequently,1
substances,1
substantially,1
substellar,1
substitution,1
suburb,1
suburbs,1
subversive,1
succeed,1
succeeded,1
success,0
successes,1
successful,1
successive,1
successor,1
such,0
suction,1
sudden,1
suffered,1
suffering,1
suffocated,1
sugar,0
suggest,0
suggested,0
suggestion,1
suggests,0
suicide,0
suit,0
suitable,1
suite,1
suleiman,1
sultans,1
sumatra,0
summer,0
summers,0
summit,1
summoned,1
summonsed,1
sun,0
sundance,1
sunday,0
sung,1
sunlight,0
sunni,0
sunnis,0
sunonline,0
sunrise,0
super,0
supergp,1
supervision,1
supplies,0
supply,0
support,0
supported,1
supporters,1
supporting,1
supportive,1
supports,0
supposed,1
supreme,0
supriatna,1
surat,0
surface,1
surfaces,0
surge,1
surged,1
surgery,1
surgical,1
surpassed,1
surprise,0
surround,1
surrounded,1
surroundings,1
surveillance,1
survival,1
survivors,1
susan,0
suspect,1
suspected,1
suspects,1
suspicion,1
suspicious,1
suspiciously,1
sussex,0
sustained,1
sustenance,1
sutherland,0
sutil,0
suture,1
suzuka,0
sv,0
sveriges,0
swarmed,1
swat,1
sweat,1
sweden,0
swedish,1
sweeping,1
sweet,0
swept,1
swift,1
swipe,1
switch,1
switched,1
switzerland,0
swollen,1
syian,0
symbolic,1
symbolism,1
sympathetically,1
sympathies,1
sympathy,1
symphonic,1
symphonies,1
symphony,0
symptomatic,1
synapses,1
syria,0
syrian,0
syrians,0
system,0
systemic,1
systems,1
szatkowski,1
szydło,0
síly,0
süle,0
table,0
tablet,0
tablets,0
tachycardia,1
tackle,1
tackled,1
tactic,1
tactics,1
tag,0
tail,0
tailored,1
taiwan,0
takes,0
taking,0
taliban,1
talk,0
talking,0
talks,0
tall,0
tallaght,0
tallari,1
tallest,1
tamil,1
tanks,0
tanning,1
tannins,1
tanya,0
tao,1
target,0
targeted,1
targeting,1
targets,1
targetted,1
tarigan,1
task,0
tasked,1
tasmania,0
taught,1
tawam,0
tax,0
taxes,0
taylor,0
teaching,0
team,0
teammate,1
teams,0
tear,1
tears,0
teatr,1
techcrunch,1
technical,1
technically,1
technician,1
technique,1
technology,1
teen,1
teenage,1
teenager,0
teens,1
teeth,0
teide,0
teixeira,1
tel,0
telephone,0
telescope,1
televised,1
television,0
telling,0
tells,0
temer,0
temperature,0
temperatures,1
tenancy,1
tens,0
tense,0
tension,1
tensions,1
tentacled,1
tentacles,1
tenth,1
tenure,1
term,0
termed,1
terminology,1
termites,1
terms,0
terrace,1
terrain,1
terrible,1
territorial,1
territory,1
terror,1
terrorist,1
terrorists,0
test,0
testing,0
tests,0
teterow,0
tether,1
text,0
texted,1
thacker,0
thai,0
thailand,0
thank,0
thaw,1
the,0
theater,0
theatre,1
themselves,0
then,0
theories,1
theory,0
therapy,1
thereby,1
therefore,0
theresa,0
therizinosauroids,1
thermodynamic,1
thermodynamics,1
thermonuclear,1
theropods,1
thespis,1
thigh,0
thilafushi,1
thing,0
things,0
thinking,0
thomas,0
thoroughfares,1
thought,0
thoughts,0
thousand,1
thousands,0
threat,0
threaten,1
threatened,1
threatening,1
threatens,1
threats,0
threshold,0
threw,0
thrillers,1
thrombosis,1
throne,1
throttle,1
throughout,1
throwing,0
thrown,1
thunder,0
thursday,0
thus,0
thymine,1
thyroid,1
théâtre,0
tide,1
tidning,0
tier,1
ties,0
tigers,0
tight,0
tightened,1
tightening,1
tilings,1
tim,0
time,0
timeline,1
times,0
timing,0
timpani,1
tip,0
tired,0
tiring,1
titan,0
title,1
titles,1
titusville,0
tobacco,1
tod,0
today,0
toiled,1
token,1
told,0
tolerated,1
toll,1
tom,0
tomasz,0
tomorrow,1
tone,0
tonnes,1
tony,0
tonya,0
tool,0
tools,0
toome,0
toomebridge,0
tootsie,0
top,0
topic,0
topical,1
topics,0
topped,1
topple,1
torching,1
tore,1
toronto,1
torres,0
torture,1
tortured,1
tossed,1
total,0
touch,0
touched,0
tough,0
tour,0
tourism,1
tourists,1
tournaments,1
touted,1
towards,0
towel,0
tower,0
town,0
towns,0
toxic,0
toxins,1
trace,1
tracery,1
track,0
trackers,1
tractor,0
trade,0
traders,1
trading,1
tradition,0
traditional,1
traditionally,1
traffickers,1
tragedy,1
tragic,1
tragically,1
train,0
trained,0
training,0
traitor,1
trans,0
transaction,1
transcribed,1
transcript,1
transcription,1
transfer,0
transferred,1
transforming,1
transition,1
transitional,1
transparency,1
transport,1
transported,1
trapping,1
trash,0
trauma,1
traumatised,1
travel,0
traveled,0
travelled,0
travis,0
treat,0
treated,1
treatment,1
treaty,1
trebonianus,0
tree,0
trees,0
trematodes,1
trend,1
trending,1
triage,1
trial,1
tribunal,1
tributaries,1
tributes,1
triethylborane,1
triggered,1
triggering,1
trillion,1
trilogy,1
trim,1
trinity,0
trip,0
tripoli,0
tristan,0
triumfalnaya,0
troop,0
troops,0
trophies,1
trophy,1
tropical,1
trouble,0
troubled,1
troublemakers,1
trove,1
tru,0
truce,1
truck,0
trucks,0
true,0
truly,0
trump,0
trust,0
truthful,0
trypanosome,1
tsarskoye,1
tsg,0
tube,0
tuberculosis,1
tuesday,0
tumbled,1
tumblr,1
tumor,1
tunnel,0
turkey,0
turkish,0
turn,0
turned,0
turning,0
turns,0
turīya,1
tuscany,0
tusks,1
tutor,1
tv,0
tweeted,1
twentieth,1
twice,0
twin,0
twitter,0
types,0
typically,1
uefa,0
uk,0
ukraine,0
ulcer,1
ultimately,1
un,0
unable,0
unacceptable,1
unalloyed,1
unannounced,1
unanswered,1
unauthorized,1
unblock,0
unblocked,0
uncertain,1
uncertainty,1
unchanged,1
uncle,0
unconditionally,1
und,0
undergo,1
undergoing,1
undergone,1
underground,1
underlying,1
undermine,1
undermined,1
undermines,1
underneath,1
underscore,1
underscores,1
undersecretary,1
understand,0
understood,0
underwent,1
undisclosed,1
unearthed,1
unease,1
unemployment,0
unexpected,1
unfair,0
unfolded,1
unfortunately,1
unhappy,0
unidentified,1
unification,1
unilateral,1
union,0
unique,1
unit,0
united,0
units,0
unity,0
universal,1
universelle,1
universitaire,0
university,0
unknown,0
unleashed,1
unleashing,1
unlikely,1
unlocked,1
unmolested,1
unnamed,1
unoccupied,1
unpopular,0
unprecedented,1
unrelated,0
unrest,1
unsanctioned,1
unsophisticated,1
unsubtle,1
unsuccessfully,1
unusual,0
unusually,1
unveiled,1
unwinnable,1
update,0
upgraded,1
upper,0
uprising,1
upwards,1
uracil,1
urged,1
urgent,1
urges,1
urging,1
urm,0
urn,1
us,0
usage,1
user,0
username,1
usernames,1
users,0
usher,1
using,0
uss,0
usual,0
usually,1
utc,0
utv,0
vabbinfaru,1
vacationing,1
vaccination,1
vadstena,1
vaguely,1
vaikundar,1
valerian,1
valerie,0
valley,0
valuable,1
value,1
values,1
valuing,1
vampire,1
van,0
vandalism,1
vandals,1
vanes,1
vanished,1
vanishing,1
varied,1
variety,1
various,1
vary,0
vascular,1
vast,1
vegas,0
vehicle,1
vehicles,1
veils,1
venice,0
venous,1
venture,1
venturebeat,0
venue,1
venues,1
verified,1
verify,1
vermelho,0
vermont,0
version,0
versions,1
vertebrae,1
vertebrate,0
vertebrates,1
very,0
vessel,1
vessels,1
vester,0
vestmanlands,0
via,1
viability,1
vice,0
vicinity,1
vicious,1
vicki,0
victim,1
victims,1
victoria,0
victorian,0
victorien,0
victory,1
video,0
videos,0
vied,1
vietnam,0
view,0
viewed,0
views,0
vigna,0
villa,1
village,0
villages,0
vine,1
viola,0
violated,1
violates,1
violating,1
violation,1
violations,1
violence,1
violent,0
violin,1
viral,1
virgin,0
virginia,0
virtual,1
virulently,1
virus,1
visa,1
vishnu,1
visible,0
vision,1
visit,0
visited,0
visiting,0
visits,0
vitae,1
vital,1
vitamin,0
vivid,1
vladimir,0
vlt,0
vocal,1
vogel,0
voiced,1
volunteered,1
volunteers,1
von,0
voruzhonnije,0
vote,0
voted,0
voter,0
voters,0
votes,0
voting,0
vowed,1
vulnerable,1
västerås,0
wachowski,1
wage,1
waged,1
wages,1
wagner,0
wagon,1
wai,0
waited,0
waiting,0
wake,0
wales,0
walk,0
walked,0
walking,0
wall,0
wallpaper,0
walls,0
wanted,0
war,0
ward,0
warfare,1
warily,1
warm,0
warned,0
warning,1
warns,0
warring,0
wars,0
warsaw,0
warship,1
wartime,1
wash,0
washed,0
washington,0
waste,0
watch,0
watchdog,1
watching,0
water,0
watermelon,0
waters,0
wave,1
waves,0
ways,0
waziri,0
waziristan,0
wdbj,0
weaken,1
weakening,1
weakness,1
wealth,1
wealthiest,1
weaponry,1
weapons,1
wearing,0
wears,1
weather,0
web,1
website,0
wedged,1
wednesday,0
week,0
weekend,0
weekly,0
weeks,0
weigh,0
weighing,1
weighs,0
weight,1
welcomes,0
welcoming,0
welfare,1
wembley,0
wesh,0
west,0
western,0
westerners,0
wftv,0
wheat,0
whedon,0
wheels,0
whereas,1
wherever,1
whichever,1
whistleblower,1
white,0
whole,0
whom,1
wide,0
widely,1
widened,1
wider,0
widespread,1
widower,1
wife,0
wikileaks,1
wikinews,0
wikipedia,0
wikipedians,1
wild,0
william,0
williams,0
willing,1
willingness,1
willis,0
wilson,0
win,0
wind,0
winding,1
window,0
windows,0
winds,0
wing,0
winger,0
wings,1
winner,0
winners,1
winning,0
winter,0
wiplinger,1
wire,0
wireline,1
wirral,0
wished,0
withdraw,1
withdrawal,1
withdrawn,1
withdrew,1
witheridge,1
withholds,1
witness,1
witnesses,1
woke,0
wolf,0
woman,0
women,0
won,0
wonderful,0
wonguwan,0
wood,0
woolton,1
word,0
words,0
work,0
worked,0
workers,0
workforce,1
working,0
workings,0
works,0
world,0
worlds,0
worldwide,0
worried,0
worry,0
worse,1
worsening,1
worst,1
worth,1
wound,0
wounded,0
wounding,1
wounds,1
woven,1
wranglers,1
wrapped,1
wreckage,1
wrenching,0
write,0
writer,0
written,0
wrong,0
wrongdoing,1
wrote,0
wwikinews,0
xinhua,0
yaakov,0
yahoo,0
yai,0
yale,0
yard,0
year,0
years,0
yelling,1
yellow,0
yells,0
yeltsin,0
yeoncheon,1
yesterday,0
yet,0
yield,1
yields,1
yitzhak,0
yolngu,0
yonhap,1
york,0
young,0
youth,0
youthful,1
youtube,0
yuan,0
yugoslav,0
yukam,0
zabihullah,0
zabiullah,0
zambales,0
zandvoort,1
zaw,0
zealand,0
zeffirelli,0
zhang,0
zhonggou,0
zingiber,1
zombies,1
zone,0
zoo,0
zoological,1
zorian,0
zuckerberg,0
álvarez,0
âr,0
âğâ,0
żagań,0
ˈalfons,0
ˈmuxa,0
ˈtuː,0
國立中央大學,0
金陵女子大学,0
